DATEID,DATE,YEAR,MONTH,QUARTER,DAYOFWEEK
1,2021-01-01,2021,1,1,4
2,2021-01-02,2021,1,1,5
3,2021-01-03,2021,1,1,6
4,2021-01-04,2021,1,1,0
5,2021-01-05,2021,1,1,1
6,2021-01-06,2021,1,1,2
7,2021-01-07,2021,1,1,3
8,2021-01-08,2021,1,1,4
9,2021-01-09,2021,1,1,5
10,2021-01-10,2021,1,1,6
11,2021-01-11,2021,1,1,0
12,2021-01-12,2021,1,1,1
13,2021-01-13,2021,1,1,2
14,2021-01-14,2021,1,1,3
15,2021-01-15,2021,1,1,4
16,2021-01-16,2021,1,1,5
17,2021-01-17,2021,1,1,6
18,2021-01-18,2021,1,1,0
19,2021-01-19,2021,1,1,1
20,2021-01-20,2021,1,1,2
21,2021-01-21,2021,1,1,3
22,2021-01-22,2021,1,1,4
23,2021-01-23,2021,1,1,5
24,2021-01-24,2021,1,1,6
25,2021-01-25,2021,1,1,0
26,2021-01-26,2021,1,1,1
27,2021-01-27,2021,1,1,2
28,2021-01-28,2021,1,1,3
29,2021-01-29,2021,1,1,4
30,2021-01-30,2021,1,1,5
31,2021-01-31,2021,1,1,6
32,2021-02-01,2021,2,1,0
33,2021-02-02,2021,2,1,1
34,2021-02-03,2021,2,1,2
35,2021-02-04,2021,2,1,3
36,2021-02-05,2021,2,1,4
37,2021-02-06,2021,2,1,5
38,2021-02-07,2021,2,1,6
39,2021-02-08,2021,2,1,0
40,2021-02-09,2021,2,1,1
41,2021-02-10,2021,2,1,2
42,2021-02-11,2021,2,1,3
43,2021-02-12,2021,2,1,4
44,2021-02-13,2021,2,1,5
45,2021-02-14,2021,2,1,6
46,2021-02-15,2021,2,1,0
47,2021-02-16,2021,2,1,1
48,2021-02-17,2021,2,1,2
49,2021-02-18,2021,2,1,3
50,2021-02-19,2021,2,1,4
51,2021-02-20,2021,2,1,5
52,2021-02-21,2021,2,1,6
53,2021-02-22,2021,2,1,0
54,2021-02-23,2021,2,1,1
55,2021-02-24,2021,2,1,2
56,2021-02-25,2021,2,1,3
57,2021-02-26,2021,2,1,4
58,2021-02-27,2021,2,1,5
59,2021-02-28,2021,2,1,6
60,2021-03-01,2021,3,1,0
61,2021-03-02,2021,3,1,1
62,2021-03-03,2021,3,1,2
63,2021-03-04,2021,3,1,3
64,2021-03-05,2021,3,1,4
65,2021-03-06,2021,3,1,5
66,2021-03-07,2021,3,1,6
67,2021-03-08,2021,3,1,0
68,2021-03-09,2021,3,1,1
69,2021-03-10,2021,3,1,2
70,2021-03-11,2021,3,1,3
71,2021-03-12,2021,3,1,4
72,2021-03-13,2021,3,1,5
73,2021-03-14,2021,3,1,6
74,2021-03-15,2021,3,1,0
75,2021-03-16,2021,3,1,1
76,2021-03-17,2021,3,1,2
77,2021-03-18,2021,3,1,3
78,2021-03-19,2021,3,1,4
79,2021-03-20,2021,3,1,5
80,2021-03-21,2021,3,1,6
81,2021-03-22,2021,3,1,0
82,2021-03-23,2021,3,1,1
83,2021-03-24,2021,3,1,2
84,2021-03-25,2021,3,1,3
85,2021-03-26,2021,3,1,4
86,2021-03-27,2021,3,1,5
87,2021-03-28,2021,3,1,6
88,2021-03-29,2021,3,1,0
89,2021-03-30,2021,3,1,1
90,2021-03-31,2021,3,1,2
91,2021-04-01,2021,4,2,3
92,2021-04-02,2021,4,2,4
93,2021-04-03,2021,4,2,5
94,2021-04-04,2021,4,2,6
95,2021-04-05,2021,4,2,0
96,2021-04-06,2021,4,2,1
97,2021-04-07,2021,4,2,2
98,2021-04-08,2021,4,2,3
99,2021-04-09,2021,4,2,4
100,2021-04-10,2021,4,2,5
101,2021-04-11,2021,4,2,6
102,2021-04-12,2021,4,2,0
103,2021-04-13,2021,4,2,1
104,2021-04-14,2021,4,2,2
105,2021-04-15,2021,4,2,3
106,2021-04-16,2021,4,2,4
107,2021-04-17,2021,4,2,5
108,2021-04-18,2021,4,2,6
109,2021-04-19,2021,4,2,0
110,2021-04-20,2021,4,2,1
111,2021-04-21,2021,4,2,2
112,2021-04-22,2021,4,2,3
113,2021-04-23,2021,4,2,4
114,2021-04-24,2021,4,2,5
115,2021-04-25,2021,4,2,6
116,2021-04-26,2021,4,2,0
117,2021-04-27,2021,4,2,1
118,2021-04-28,2021,4,2,2
119,2021-04-29,2021,4,2,3
120,2021-04-30,2021,4,2,4
121,2021-05-01,2021,5,2,5
122,2021-05-02,2021,5,2,6
123,2021-05-03,2021,5,2,0
124,2021-05-04,2021,5,2,1
125,2021-05-05,2021,5,2,2
126,2021-05-06,2021,5,2,3
127,2021-05-07,2021,5,2,4
128,2021-05-08,2021,5,2,5
129,2021-05-09,2021,5,2,6
130,2021-05-10,2021,5,2,0
131,2021-05-11,2021,5,2,1
132,2021-05-12,2021,5,2,2
133,2021-05-13,2021,5,2,3
134,2021-05-14,2021,5,2,4
135,2021-05-15,2021,5,2,5
136,2021-05-16,2021,5,2,6
137,2021-05-17,2021,5,2,0
138,2021-05-18,2021,5,2,1
139,2021-05-19,2021,5,2,2
140,2021-05-20,2021,5,2,3
141,2021-05-21,2021,5,2,4
142,2021-05-22,2021,5,2,5
143,2021-05-23,2021,5,2,6
144,2021-05-24,2021,5,2,0
145,2021-05-25,2021,5,2,1
146,2021-05-26,2021,5,2,2
147,2021-05-27,2021,5,2,3
148,2021-05-28,2021,5,2,4
149,2021-05-29,2021,5,2,5
150,2021-05-30,2021,5,2,6
151,2021-05-31,2021,5,2,0
152,2021-06-01,2021,6,2,1
153,2021-06-02,2021,6,2,2
154,2021-06-03,2021,6,2,3
155,2021-06-04,2021,6,2,4
156,2021-06-05,2021,6,2,5
157,2021-06-06,2021,6,2,6
158,2021-06-07,2021,6,2,0
159,2021-06-08,2021,6,2,1
160,2021-06-09,2021,6,2,2
161,2021-06-10,2021,6,2,3
162,2021-06-11,2021,6,2,4
163,2021-06-12,2021,6,2,5
164,2021-06-13,2021,6,2,6
165,2021-06-14,2021,6,2,0
166,2021-06-15,2021,6,2,1
167,2021-06-16,2021,6,2,2
168,2021-06-17,2021,6,2,3
169,2021-06-18,2021,6,2,4
170,2021-06-19,2021,6,2,5
171,2021-06-20,2021,6,2,6
172,2021-06-21,2021,6,2,0
173,2021-06-22,2021,6,2,1
174,2021-06-23,2021,6,2,2
175,2021-06-24,2021,6,2,3
176,2021-06-25,2021,6,2,4
177,2021-06-26,2021,6,2,5
178,2021-06-27,2021,6,2,6
179,2021-06-28,2021,6,2,0
180,2021-06-29,2021,6,2,1
181,2021-06-30,2021,6,2,2
182,2021-07-01,2021,7,3,3
183,2021-07-02,2021,7,3,4
184,2021-07-03,2021,7,3,5
185,2021-07-04,2021,7,3,6
186,2021-07-05,2021,7,3,0
187,2021-07-06,2021,7,3,1
188,2021-07-07,2021,7,3,2
189,2021-07-08,2021,7,3,3
190,2021-07-09,2021,7,3,4
191,2021-07-10,2021,7,3,5
192,2021-07-11,2021,7,3,6
193,2021-07-12,2021,7,3,0
194,2021-07-13,2021,7,3,1
195,2021-07-14,2021,7,3,2
196,2021-07-15,2021,7,3,3
197,2021-07-16,2021,7,3,4
198,2021-07-17,2021,7,3,5
199,2021-07-18,2021,7,3,6
200,2021-07-19,2021,7,3,0
201,2021-07-20,2021,7,3,1
202,2021-07-21,2021,7,3,2
203,2021-07-22,2021,7,3,3
204,2021-07-23,2021,7,3,4
205,2021-07-24,2021,7,3,5
206,2021-07-25,2021,7,3,6
207,2021-07-26,2021,7,3,0
208,2021-07-27,2021,7,3,1
209,2021-07-28,2021,7,3,2
210,2021-07-29,2021,7,3,3
211,2021-07-30,2021,7,3,4
212,2021-07-31,2021,7,3,5
213,2021-08-01,2021,8,3,6
214,2021-08-02,2021,8,3,0
215,2021-08-03,2021,8,3,1
216,2021-08-04,2021,8,3,2
217,2021-08-05,2021,8,3,3
218,2021-08-06,2021,8,3,4
219,2021-08-07,2021,8,3,5
220,2021-08-08,2021,8,3,6
221,2021-08-09,2021,8,3,0
222,2021-08-10,2021,8,3,1
223,2021-08-11,2021,8,3,2
224,2021-08-12,2021,8,3,3
225,2021-08-13,2021,8,3,4
226,2021-08-14,2021,8,3,5
227,2021-08-15,2021,8,3,6
228,2021-08-16,2021,8,3,0
229,2021-08-17,2021,8,3,1
230,2021-08-18,2021,8,3,2
231,2021-08-19,2021,8,3,3
232,2021-08-20,2021,8,3,4
233,2021-08-21,2021,8,3,5
234,2021-08-22,2021,8,3,6
235,2021-08-23,2021,8,3,0
236,2021-08-24,2021,8,3,1
237,2021-08-25,2021,8,3,2
238,2021-08-26,2021,8,3,3
239,2021-08-27,2021,8,3,4
240,2021-08-28,2021,8,3,5
241,2021-08-29,2021,8,3,6
242,2021-08-30,2021,8,3,0
243,2021-08-31,2021,8,3,1
244,2021-09-01,2021,9,3,2
245,2021-09-02,2021,9,3,3
246,2021-09-03,2021,9,3,4
247,2021-09-04,2021,9,3,5
248,2021-09-05,2021,9,3,6
249,2021-09-06,2021,9,3,0
250,2021-09-07,2021,9,3,1
251,2021-09-08,2021,9,3,2
252,2021-09-09,2021,9,3,3
253,2021-09-10,2021,9,3,4
254,2021-09-11,2021,9,3,5
255,2021-09-12,2021,9,3,6
256,2021-09-13,2021,9,3,0
257,2021-09-14,2021,9,3,1
258,2021-09-15,2021,9,3,2
259,2021-09-16,2021,9,3,3
260,2021-09-17,2021,9,3,4
261,2021-09-18,2021,9,3,5
262,2021-09-19,2021,9,3,6
263,2021-09-20,2021,9,3,0
264,2021-09-21,2021,9,3,1
265,2021-09-22,2021,9,3,2
266,2021-09-23,2021,9,3,3
267,2021-09-24,2021,9,3,4
268,2021-09-25,2021,9,3,5
269,2021-09-26,2021,9,3,6
270,2021-09-27,2021,9,3,0
271,2021-09-28,2021,9,3,1
272,2021-09-29,2021,9,3,2
273,2021-09-30,2021,9,3,3
274,2021-10-01,2021,10,4,4
275,2021-10-02,2021,10,4,5
276,2021-10-03,2021,10,4,6
277,2021-10-04,2021,10,4,0
278,2021-10-05,2021,10,4,1
279,2021-10-06,2021,10,4,2
280,2021-10-07,2021,10,4,3
281,2021-10-08,2021,10,4,4
282,2021-10-09,2021,10,4,5
283,2021-10-10,2021,10,4,6
284,2021-10-11,2021,10,4,0
285,2021-10-12,2021,10,4,1
286,2021-10-13,2021,10,4,2
287,2021-10-14,2021,10,4,3
288,2021-10-15,2021,10,4,4
289,2021-10-16,2021,10,4,5
290,2021-10-17,2021,10,4,6
291,2021-10-18,2021,10,4,0
292,2021-10-19,2021,10,4,1
293,2021-10-20,2021,10,4,2
294,2021-10-21,2021,10,4,3
295,2021-10-22,2021,10,4,4
296,2021-10-23,2021,10,4,5
297,2021-10-24,2021,10,4,6
298,2021-10-25,2021,10,4,0
299,2021-10-26,2021,10,4,1
300,2021-10-27,2021,10,4,2
301,2021-10-28,2021,10,4,3
302,2021-10-29,2021,10,4,4
303,2021-10-30,2021,10,4,5
304,2021-10-31,2021,10,4,6
305,2021-11-01,2021,11,4,0
306,2021-11-02,2021,11,4,1
307,2021-11-03,2021,11,4,2
308,2021-11-04,2021,11,4,3
309,2021-11-05,2021,11,4,4
310,2021-11-06,2021,11,4,5
311,2021-11-07,2021,11,4,6
312,2021-11-08,2021,11,4,0
313,2021-11-09,2021,11,4,1
314,2021-11-10,2021,11,4,2
315,2021-11-11,2021,11,4,3
316,2021-11-12,2021,11,4,4
317,2021-11-13,2021,11,4,5
318,2021-11-14,2021,11,4,6
319,2021-11-15,2021,11,4,0
320,2021-11-16,2021,11,4,1
321,2021-11-17,2021,11,4,2
322,2021-11-18,2021,11,4,3
323,2021-11-19,2021,11,4,4
324,2021-11-20,2021,11,4,5
325,2021-11-21,2021,11,4,6
326,2021-11-22,2021,11,4,0
327,2021-11-23,2021,11,4,1
328,2021-11-24,2021,11,4,2
329,2021-11-25,2021,11,4,3
330,2021-11-26,2021,11,4,4
331,2021-11-27,2021,11,4,5
332,2021-11-28,2021,11,4,6
333,2021-11-29,2021,11,4,0
334,2021-11-30,2021,11,4,1
335,2021-12-01,2021,12,4,2
336,2021-12-02,2021,12,4,3
337,2021-12-03,2021,12,4,4
338,2021-12-04,2021,12,4,5
339,2021-12-05,2021,12,4,6
340,2021-12-06,2021,12,4,0
341,2021-12-07,2021,12,4,1
342,2021-12-08,2021,12,4,2
343,2021-12-09,2021,12,4,3
344,2021-12-10,2021,12,4,4
345,2021-12-11,2021,12,4,5
346,2021-12-12,2021,12,4,6
347,2021-12-13,2021,12,4,0
348,2021-12-14,2021,12,4,1
349,2021-12-15,2021,12,4,2
350,2021-12-16,2021,12,4,3
351,2021-12-17,2021,12,4,4
352,2021-12-18,2021,12,4,5
353,2021-12-19,2021,12,4,6
354,2021-12-20,2021,12,4,0
355,2021-12-21,2021,12,4,1
356,2021-12-22,2021,12,4,2
357,2021-12-23,2021,12,4,3
358,2021-12-24,2021,12,4,4
359,2021-12-25,2021,12,4,5
360,2021-12-26,2021,12,4,6
361,2021-12-27,2021,12,4,0
362,2021-12-28,2021,12,4,1
363,2021-12-29,2021,12,4,2
364,2021-12-30,2021,12,4,3
365,2021-12-31,2021,12,4,4
366,2022-01-01,2022,1,1,5
367,2022-01-02,2022,1,1,6
368,2022-01-03,2022,1,1,0
369,2022-01-04,2022,1,1,1
370,2022-01-05,2022,1,1,2
371,2022-01-06,2022,1,1,3
372,2022-01-07,2022,1,1,4
373,2022-01-08,2022,1,1,5
374,2022-01-09,2022,1,1,6
375,2022-01-10,2022,1,1,0
376,2022-01-11,2022,1,1,1
377,2022-01-12,2022,1,1,2
378,2022-01-13,2022,1,1,3
379,2022-01-14,2022,1,1,4
380,2022-01-15,2022,1,1,5
381,2022-01-16,2022,1,1,6
382,2022-01-17,2022,1,1,0
383,2022-01-18,2022,1,1,1
384,2022-01-19,2022,1,1,2
385,2022-01-20,2022,1,1,3
386,2022-01-21,2022,1,1,4
387,2022-01-22,2022,1,1,5
388,2022-01-23,2022,1,1,6
389,2022-01-24,2022,1,1,0
390,2022-01-25,2022,1,1,1
391,2022-01-26,2022,1,1,2
392,2022-01-27,2022,1,1,3
393,2022-01-28,2022,1,1,4
394,2022-01-29,2022,1,1,5
395,2022-01-30,2022,1,1,6
396,2022-01-31,2022,1,1,0
397,2022-02-01,2022,2,1,1
398,2022-02-02,2022,2,1,2
399,2022-02-03,2022,2,1,3
400,2022-02-04,2022,2,1,4
401,2022-02-05,2022,2,1,5
402,2022-02-06,2022,2,1,6
403,2022-02-07,2022,2,1,0
404,2022-02-08,2022,2,1,1
405,2022-02-09,2022,2,1,2
406,2022-02-10,2022,2,1,3
407,2022-02-11,2022,2,1,4
408,2022-02-12,2022,2,1,5
409,2022-02-13,2022,2,1,6
410,2022-02-14,2022,2,1,0
411,2022-02-15,2022,2,1,1
412,2022-02-16,2022,2,1,2
413,2022-02-17,2022,2,1,3
414,2022-02-18,2022,2,1,4
415,2022-02-19,2022,2,1,5
416,2022-02-20,2022,2,1,6
417,2022-02-21,2022,2,1,0
418,2022-02-22,2022,2,1,1
419,2022-02-23,2022,2,1,2
420,2022-02-24,2022,2,1,3
421,2022-02-25,2022,2,1,4
422,2022-02-26,2022,2,1,5
423,2022-02-27,2022,2,1,6
424,2022-02-28,2022,2,1,0
425,2022-03-01,2022,3,1,1
426,2022-03-02,2022,3,1,2
427,2022-03-03,2022,3,1,3
428,2022-03-04,2022,3,1,4
429,2022-03-05,2022,3,1,5
430,2022-03-06,2022,3,1,6
431,2022-03-07,2022,3,1,0
432,2022-03-08,2022,3,1,1
433,2022-03-09,2022,3,1,2
434,2022-03-10,2022,3,1,3
435,2022-03-11,2022,3,1,4
436,2022-03-12,2022,3,1,5
437,2022-03-13,2022,3,1,6
438,2022-03-14,2022,3,1,0
439,2022-03-15,2022,3,1,1
440,2022-03-16,2022,3,1,2
441,2022-03-17,2022,3,1,3
442,2022-03-18,2022,3,1,4
443,2022-03-19,2022,3,1,5
444,2022-03-20,2022,3,1,6
445,2022-03-21,2022,3,1,0
446,2022-03-22,2022,3,1,1
447,2022-03-23,2022,3,1,2
448,2022-03-24,2022,3,1,3
449,2022-03-25,2022,3,1,4
450,2022-03-26,2022,3,1,5
451,2022-03-27,2022,3,1,6
452,2022-03-28,2022,3,1,0
453,2022-03-29,2022,3,1,1
454,2022-03-30,2022,3,1,2
455,2022-03-31,2022,3,1,3
456,2022-04-01,2022,4,2,4
457,2022-04-02,2022,4,2,5
458,2022-04-03,2022,4,2,6
459,2022-04-04,2022,4,2,0
460,2022-04-05,2022,4,2,1
461,2022-04-06,2022,4,2,2
462,2022-04-07,2022,4,2,3
463,2022-04-08,2022,4,2,4
464,2022-04-09,2022,4,2,5
465,2022-04-10,2022,4,2,6
466,2022-04-11,2022,4,2,0
467,2022-04-12,2022,4,2,1
468,2022-04-13,2022,4,2,2
469,2022-04-14,2022,4,2,3
470,2022-04-15,2022,4,2,4
471,2022-04-16,2022,4,2,5
472,2022-04-17,2022,4,2,6
473,2022-04-18,2022,4,2,0
474,2022-04-19,2022,4,2,1
475,2022-04-20,2022,4,2,2
476,2022-04-21,2022,4,2,3
477,2022-04-22,2022,4,2,4
478,2022-04-23,2022,4,2,5
479,2022-04-24,2022,4,2,6
480,2022-04-25,2022,4,2,0
481,2022-04-26,2022,4,2,1
482,2022-04-27,2022,4,2,2
483,2022-04-28,2022,4,2,3
484,2022-04-29,2022,4,2,4
485,2022-04-30,2022,4,2,5
486,2022-05-01,2022,5,2,6
487,2022-05-02,2022,5,2,0
488,2022-05-03,2022,5,2,1
489,2022-05-04,2022,5,2,2
490,2022-05-05,2022,5,2,3
491,2022-05-06,2022,5,2,4
492,2022-05-07,2022,5,2,5
493,2022-05-08,2022,5,2,6
494,2022-05-09,2022,5,2,0
495,2022-05-10,2022,5,2,1
496,2022-05-11,2022,5,2,2
497,2022-05-12,2022,5,2,3
498,2022-05-13,2022,5,2,4
499,2022-05-14,2022,5,2,5
500,2022-05-15,2022,5,2,6
501,2022-05-16,2022,5,2,0
502,2022-05-17,2022,5,2,1
503,2022-05-18,2022,5,2,2
504,2022-05-19,2022,5,2,3
505,2022-05-20,2022,5,2,4
506,2022-05-21,2022,5,2,5
507,2022-05-22,2022,5,2,6
508,2022-05-23,2022,5,2,0
509,2022-05-24,2022,5,2,1
510,2022-05-25,2022,5,2,2
511,2022-05-26,2022,5,2,3
512,2022-05-27,2022,5,2,4
513,2022-05-28,2022,5,2,5
514,2022-05-29,2022,5,2,6
515,2022-05-30,2022,5,2,0
516,2022-05-31,2022,5,2,1
517,2022-06-01,2022,6,2,2
518,2022-06-02,2022,6,2,3
519,2022-06-03,2022,6,2,4
520,2022-06-04,2022,6,2,5
521,2022-06-05,2022,6,2,6
522,2022-06-06,2022,6,2,0
523,2022-06-07,2022,6,2,1
524,2022-06-08,2022,6,2,2
525,2022-06-09,2022,6,2,3
526,2022-06-10,2022,6,2,4
527,2022-06-11,2022,6,2,5
528,2022-06-12,2022,6,2,6
529,2022-06-13,2022,6,2,0
530,2022-06-14,2022,6,2,1
531,2022-06-15,2022,6,2,2
532,2022-06-16,2022,6,2,3
533,2022-06-17,2022,6,2,4
534,2022-06-18,2022,6,2,5
535,2022-06-19,2022,6,2,6
536,2022-06-20,2022,6,2,0
537,2022-06-21,2022,6,2,1
538,2022-06-22,2022,6,2,2
539,2022-06-23,2022,6,2,3
540,2022-06-24,2022,6,2,4
541,2022-06-25,2022,6,2,5
542,2022-06-26,2022,6,2,6
543,2022-06-27,2022,6,2,0
544,2022-06-28,2022,6,2,1
545,2022-06-29,2022,6,2,2
546,2022-06-30,2022,6,2,3
547,2022-07-01,2022,7,3,4
548,2022-07-02,2022,7,3,5
549,2022-07-03,2022,7,3,6
550,2022-07-04,2022,7,3,0
551,2022-07-05,2022,7,3,1
552,2022-07-06,2022,7,3,2
553,2022-07-07,2022,7,3,3
554,2022-07-08,2022,7,3,4
555,2022-07-09,2022,7,3,5
556,2022-07-10,2022,7,3,6
557,2022-07-11,2022,7,3,0
558,2022-07-12,2022,7,3,1
559,2022-07-13,2022,7,3,2
560,2022-07-14,2022,7,3,3
561,2022-07-15,2022,7,3,4
562,2022-07-16,2022,7,3,5
563,2022-07-17,2022,7,3,6
564,2022-07-18,2022,7,3,0
565,2022-07-19,2022,7,3,1
566,2022-07-20,2022,7,3,2
567,2022-07-21,2022,7,3,3
568,2022-07-22,2022,7,3,4
569,2022-07-23,2022,7,3,5
570,2022-07-24,2022,7,3,6
571,2022-07-25,2022,7,3,0
572,2022-07-26,2022,7,3,1
573,2022-07-27,2022,7,3,2
574,2022-07-28,2022,7,3,3
575,2022-07-29,2022,7,3,4
576,2022-07-30,2022,7,3,5
577,2022-07-31,2022,7,3,6
578,2022-08-01,2022,8,3,0
579,2022-08-02,2022,8,3,1
580,2022-08-03,2022,8,3,2
581,2022-08-04,2022,8,3,3
582,2022-08-05,2022,8,3,4
583,2022-08-06,2022,8,3,5
584,2022-08-07,2022,8,3,6
585,2022-08-08,2022,8,3,0
586,2022-08-09,2022,8,3,1
587,2022-08-10,2022,8,3,2
588,2022-08-11,2022,8,3,3
589,2022-08-12,2022,8,3,4
590,2022-08-13,2022,8,3,5
591,2022-08-14,2022,8,3,6
592,2022-08-15,2022,8,3,0
593,2022-08-16,2022,8,3,1
594,2022-08-17,2022,8,3,2
595,2022-08-18,2022,8,3,3
596,2022-08-19,2022,8,3,4
597,2022-08-20,2022,8,3,5
598,2022-08-21,2022,8,3,6
599,2022-08-22,2022,8,3,0
600,2022-08-23,2022,8,3,1
601,2022-08-24,2022,8,3,2
602,2022-08-25,2022,8,3,3
603,2022-08-26,2022,8,3,4
604,2022-08-27,2022,8,3,5
605,2022-08-28,2022,8,3,6
606,2022-08-29,2022,8,3,0
607,2022-08-30,2022,8,3,1
608,2022-08-31,2022,8,3,2
609,2022-09-01,2022,9,3,3
610,2022-09-02,2022,9,3,4
611,2022-09-03,2022,9,3,5
612,2022-09-04,2022,9,3,6
613,2022-09-05,2022,9,3,0
614,2022-09-06,2022,9,3,1
615,2022-09-07,2022,9,3,2
616,2022-09-08,2022,9,3,3
617,2022-09-09,2022,9,3,4
618,2022-09-10,2022,9,3,5
619,2022-09-11,2022,9,3,6
620,2022-09-12,2022,9,3,0
621,2022-09-13,2022,9,3,1
622,2022-09-14,2022,9,3,2
623,2022-09-15,2022,9,3,3
624,2022-09-16,2022,9,3,4
625,2022-09-17,2022,9,3,5
626,2022-09-18,2022,9,3,6
627,2022-09-19,2022,9,3,0
628,2022-09-20,2022,9,3,1
629,2022-09-21,2022,9,3,2
630,2022-09-22,2022,9,3,3
631,2022-09-23,2022,9,3,4
632,2022-09-24,2022,9,3,5
633,2022-09-25,2022,9,3,6
634,2022-09-26,2022,9,3,0
635,2022-09-27,2022,9,3,1
636,2022-09-28,2022,9,3,2
637,2022-09-29,2022,9,3,3
638,2022-09-30,2022,9,3,4
639,2022-10-01,2022,10,4,5
640,2022-10-02,2022,10,4,6
641,2022-10-03,2022,10,4,0
642,2022-10-04,2022,10,4,1
643,2022-10-05,2022,10,4,2
644,2022-10-06,2022,10,4,3
645,2022-10-07,2022,10,4,4
646,2022-10-08,2022,10,4,5
647,2022-10-09,2022,10,4,6
648,2022-10-10,2022,10,4,0
649,2022-10-11,2022,10,4,1
650,2022-10-12,2022,10,4,2
651,2022-10-13,2022,10,4,3
652,2022-10-14,2022,10,4,4
653,2022-10-15,2022,10,4,5
654,2022-10-16,2022,10,4,6
655,2022-10-17,2022,10,4,0
656,2022-10-18,2022,10,4,1
657,2022-10-19,2022,10,4,2
658,2022-10-20,2022,10,4,3
659,2022-10-21,2022,10,4,4
660,2022-10-22,2022,10,4,5
661,2022-10-23,2022,10,4,6
662,2022-10-24,2022,10,4,0
663,2022-10-25,2022,10,4,1
664,2022-10-26,2022,10,4,2
665,2022-10-27,2022,10,4,3
666,2022-10-28,2022,10,4,4
667,2022-10-29,2022,10,4,5
668,2022-10-30,2022,10,4,6
669,2022-10-31,2022,10,4,0
670,2022-11-01,2022,11,4,1
671,2022-11-02,2022,11,4,2
672,2022-11-03,2022,11,4,3
673,2022-11-04,2022,11,4,4
674,2022-11-05,2022,11,4,5
675,2022-11-06,2022,11,4,6
676,2022-11-07,2022,11,4,0
677,2022-11-08,2022,11,4,1
678,2022-11-09,2022,11,4,2
679,2022-11-10,2022,11,4,3
680,2022-11-11,2022,11,4,4
681,2022-11-12,2022,11,4,5
682,2022-11-13,2022,11,4,6
683,2022-11-14,2022,11,4,0
684,2022-11-15,2022,11,4,1
685,2022-11-16,2022,11,4,2
686,2022-11-17,2022,11,4,3
687,2022-11-18,2022,11,4,4
688,2022-11-19,2022,11,4,5
689,2022-11-20,2022,11,4,6
690,2022-11-21,2022,11,4,0
691,2022-11-22,2022,11,4,1
692,2022-11-23,2022,11,4,2
693,2022-11-24,2022,11,4,3
694,2022-11-25,2022,11,4,4
695,2022-11-26,2022,11,4,5
696,2022-11-27,2022,11,4,6
697,2022-11-28,2022,11,4,0
698,2022-11-29,2022,11,4,1
699,2022-11-30,2022,11,4,2
700,2022-12-01,2022,12,4,3
701,2022-12-02,2022,12,4,4
702,2022-12-03,2022,12,4,5
703,2022-12-04,2022,12,4,6
704,2022-12-05,2022,12,4,0
705,2022-12-06,2022,12,4,1
706,2022-12-07,2022,12,4,2
707,2022-12-08,2022,12,4,3
708,2022-12-09,2022,12,4,4
709,2022-12-10,2022,12,4,5
710,2022-12-11,2022,12,4,6
711,2022-12-12,2022,12,4,0
712,2022-12-13,2022,12,4,1
713,2022-12-14,2022,12,4,2
714,2022-12-15,2022,12,4,3
715,2022-12-16,2022,12,4,4
716,2022-12-17,2022,12,4,5
717,2022-12-18,2022,12,4,6
718,2022-12-19,2022,12,4,0
719,2022-12-20,2022,12,4,1
720,2022-12-21,2022,12,4,2
721,2022-12-22,2022,12,4,3
722,2022-12-23,2022,12,4,4
723,2022-12-24,2022,12,4,5
724,2022-12-25,2022,12,4,6
725,2022-12-26,2022,12,4,0
726,2022-12-27,2022,12,4,1
727,2022-12-28,2022,12,4,2
728,2022-12-29,2022,12,4,3
729,2022-12-30,2022,12,4,4
730,2022-12-31,2022,12,4,5
731,2023-01-01,2023,1,1,6
732,2023-01-02,2023,1,1,0
733,2023-01-03,2023,1,1,1
734,2023-01-04,2023,1,1,2
735,2023-01-05,2023,1,1,3
736,2023-01-06,2023,1,1,4
737,2023-01-07,2023,1,1,5
738,2023-01-08,2023,1,1,6
739,2023-01-09,2023,1,1,0
740,2023-01-10,2023,1,1,1
741,2023-01-11,2023,1,1,2
742,2023-01-12,2023,1,1,3
743,2023-01-13,2023,1,1,4
744,2023-01-14,2023,1,1,5
745,2023-01-15,2023,1,1,6
746,2023-01-16,2023,1,1,0
747,2023-01-17,2023,1,1,1
748,2023-01-18,2023,1,1,2
749,2023-01-19,2023,1,1,3
750,2023-01-20,2023,1,1,4
751,2023-01-21,2023,1,1,5
752,2023-01-22,2023,1,1,6
753,2023-01-23,2023,1,1,0
754,2023-01-24,2023,1,1,1
755,2023-01-25,2023,1,1,2
756,2023-01-26,2023,1,1,3
757,2023-01-27,2023,1,1,4
758,2023-01-28,2023,1,1,5
759,2023-01-29,2023,1,1,6
760,2023-01-30,2023,1,1,0
761,2023-01-31,2023,1,1,1
762,2023-02-01,2023,2,1,2
763,2023-02-02,2023,2,1,3
764,2023-02-03,2023,2,1,4
765,2023-02-04,2023,2,1,5
766,2023-02-05,2023,2,1,6
767,2023-02-06,2023,2,1,0
768,2023-02-07,2023,2,1,1
769,2023-02-08,2023,2,1,2
770,2023-02-09,2023,2,1,3
771,2023-02-10,2023,2,1,4
772,2023-02-11,2023,2,1,5
773,2023-02-12,2023,2,1,6
774,2023-02-13,2023,2,1,0
775,2023-02-14,2023,2,1,1
776,2023-02-15,2023,2,1,2
777,2023-02-16,2023,2,1,3
778,2023-02-17,2023,2,1,4
779,2023-02-18,2023,2,1,5
780,2023-02-19,2023,2,1,6
781,2023-02-20,2023,2,1,0
782,2023-02-21,2023,2,1,1
783,2023-02-22,2023,2,1,2
784,2023-02-23,2023,2,1,3
785,2023-02-24,2023,2,1,4
786,2023-02-25,2023,2,1,5
787,2023-02-26,2023,2,1,6
788,2023-02-27,2023,2,1,0
789,2023-02-28,2023,2,1,1
790,2023-03-01,2023,3,1,2
791,2023-03-02,2023,3,1,3
792,2023-03-03,2023,3,1,4
793,2023-03-04,2023,3,1,5
794,2023-03-05,2023,3,1,6
795,2023-03-06,2023,3,1,0
796,2023-03-07,2023,3,1,1
797,2023-03-08,2023,3,1,2
798,2023-03-09,2023,3,1,3
799,2023-03-10,2023,3,1,4
800,2023-03-11,2023,3,1,5
801,2023-03-12,2023,3,1,6
802,2023-03-13,2023,3,1,0
803,2023-03-14,2023,3,1,1
804,2023-03-15,2023,3,1,2
805,2023-03-16,2023,3,1,3
806,2023-03-17,2023,3,1,4
807,2023-03-18,2023,3,1,5
808,2023-03-19,2023,3,1,6
809,2023-03-20,2023,3,1,0
810,2023-03-21,2023,3,1,1
811,2023-03-22,2023,3,1,2
812,2023-03-23,2023,3,1,3
813,2023-03-24,2023,3,1,4
814,2023-03-25,2023,3,1,5
815,2023-03-26,2023,3,1,6
816,2023-03-27,2023,3,1,0
817,2023-03-28,2023,3,1,1
818,2023-03-29,2023,3,1,2
819,2023-03-30,2023,3,1,3
820,2023-03-31,2023,3,1,4
821,2023-04-01,2023,4,2,5
822,2023-04-02,2023,4,2,6
823,2023-04-03,2023,4,2,0
824,2023-04-04,2023,4,2,1
825,2023-04-05,2023,4,2,2
826,2023-04-06,2023,4,2,3
827,2023-04-07,2023,4,2,4
828,2023-04-08,2023,4,2,5
829,2023-04-09,2023,4,2,6
830,2023-04-10,2023,4,2,0
831,2023-04-11,2023,4,2,1
832,2023-04-12,2023,4,2,2
833,2023-04-13,2023,4,2,3
834,2023-04-14,2023,4,2,4
835,2023-04-15,2023,4,2,5
836,2023-04-16,2023,4,2,6
837,2023-04-17,2023,4,2,0
838,2023-04-18,2023,4,2,1
839,2023-04-19,2023,4,2,2
840,2023-04-20,2023,4,2,3
841,2023-04-21,2023,4,2,4
842,2023-04-22,2023,4,2,5
843,2023-04-23,2023,4,2,6
844,2023-04-24,2023,4,2,0
845,2023-04-25,2023,4,2,1
846,2023-04-26,2023,4,2,2
847,2023-04-27,2023,4,2,3
848,2023-04-28,2023,4,2,4
849,2023-04-29,2023,4,2,5
850,2023-04-30,2023,4,2,6
851,2023-05-01,2023,5,2,0
852,2023-05-02,2023,5,2,1
853,2023-05-03,2023,5,2,2
854,2023-05-04,2023,5,2,3
855,2023-05-05,2023,5,2,4
856,2023-05-06,2023,5,2,5
857,2023-05-07,2023,5,2,6
858,2023-05-08,2023,5,2,0
859,2023-05-09,2023,5,2,1
860,2023-05-10,2023,5,2,2
861,2023-05-11,2023,5,2,3
862,2023-05-12,2023,5,2,4
863,2023-05-13,2023,5,2,5
864,2023-05-14,2023,5,2,6
865,2023-05-15,2023,5,2,0
866,2023-05-16,2023,5,2,1
867,2023-05-17,2023,5,2,2
868,2023-05-18,2023,5,2,3
869,2023-05-19,2023,5,2,4
870,2023-05-20,2023,5,2,5
871,2023-05-21,2023,5,2,6
872,2023-05-22,2023,5,2,0
873,2023-05-23,2023,5,2,1
874,2023-05-24,2023,5,2,2
875,2023-05-25,2023,5,2,3
876,2023-05-26,2023,5,2,4
877,2023-05-27,2023,5,2,5
878,2023-05-28,2023,5,2,6
879,2023-05-29,2023,5,2,0
880,2023-05-30,2023,5,2,1
881,2023-05-31,2023,5,2,2
882,2023-06-01,2023,6,2,3
883,2023-06-02,2023,6,2,4
884,2023-06-03,2023,6,2,5
885,2023-06-04,2023,6,2,6
886,2023-06-05,2023,6,2,0
887,2023-06-06,2023,6,2,1
888,2023-06-07,2023,6,2,2
889,2023-06-08,2023,6,2,3
890,2023-06-09,2023,6,2,4
891,2023-06-10,2023,6,2,5
892,2023-06-11,2023,6,2,6
893,2023-06-12,2023,6,2,0
894,2023-06-13,2023,6,2,1
895,2023-06-14,2023,6,2,2
896,2023-06-15,2023,6,2,3
897,2023-06-16,2023,6,2,4
898,2023-06-17,2023,6,2,5
899,2023-06-18,2023,6,2,6
900,2023-06-19,2023,6,2,0
901,2023-06-20,2023,6,2,1
902,2023-06-21,2023,6,2,2
903,2023-06-22,2023,6,2,3
904,2023-06-23,2023,6,2,4
905,2023-06-24,2023,6,2,5
906,2023-06-25,2023,6,2,6
907,2023-06-26,2023,6,2,0
908,2023-06-27,2023,6,2,1
909,2023-06-28,2023,6,2,2
910,2023-06-29,2023,6,2,3
911,2023-06-30,2023,6,2,4
912,2023-07-01,2023,7,3,5
913,2023-07-02,2023,7,3,6
914,2023-07-03,2023,7,3,0
915,2023-07-04,2023,7,3,1
916,2023-07-05,2023,7,3,2
917,2023-07-06,2023,7,3,3
918,2023-07-07,2023,7,3,4
919,2023-07-08,2023,7,3,5
920,2023-07-09,2023,7,3,6
921,2023-07-10,2023,7,3,0
922,2023-07-11,2023,7,3,1
923,2023-07-12,2023,7,3,2
924,2023-07-13,2023,7,3,3
925,2023-07-14,2023,7,3,4
926,2023-07-15,2023,7,3,5
927,2023-07-16,2023,7,3,6
928,2023-07-17,2023,7,3,0
929,2023-07-18,2023,7,3,1
930,2023-07-19,2023,7,3,2
931,2023-07-20,2023,7,3,3
932,2023-07-21,2023,7,3,4
933,2023-07-22,2023,7,3,5
934,2023-07-23,2023,7,3,6
935,2023-07-24,2023,7,3,0
936,2023-07-25,2023,7,3,1
937,2023-07-26,2023,7,3,2
938,2023-07-27,2023,7,3,3
939,2023-07-28,2023,7,3,4
940,2023-07-29,2023,7,3,5
941,2023-07-30,2023,7,3,6
942,2023-07-31,2023,7,3,0
943,2023-08-01,2023,8,3,1
944,2023-08-02,2023,8,3,2
945,2023-08-03,2023,8,3,3
946,2023-08-04,2023,8,3,4
947,2023-08-05,2023,8,3,5
948,2023-08-06,2023,8,3,6
949,2023-08-07,2023,8,3,0
950,2023-08-08,2023,8,3,1
951,2023-08-09,2023,8,3,2
952,2023-08-10,2023,8,3,3
953,2023-08-11,2023,8,3,4
954,2023-08-12,2023,8,3,5
955,2023-08-13,2023,8,3,6
956,2023-08-14,2023,8,3,0
957,2023-08-15,2023,8,3,1
958,2023-08-16,2023,8,3,2
959,2023-08-17,2023,8,3,3
960,2023-08-18,2023,8,3,4
961,2023-08-19,2023,8,3,5
962,2023-08-20,2023,8,3,6
963,2023-08-21,2023,8,3,0
964,2023-08-22,2023,8,3,1
965,2023-08-23,2023,8,3,2
966,2023-08-24,2023,8,3,3
967,2023-08-25,2023,8,3,4
968,2023-08-26,2023,8,3,5
969,2023-08-27,2023,8,3,6
970,2023-08-28,2023,8,3,0
971,2023-08-29,2023,8,3,1
972,2023-08-30,2023,8,3,2
973,2023-08-31,2023,8,3,3
974,2023-09-01,2023,9,3,4
975,2023-09-02,2023,9,3,5
976,2023-09-03,2023,9,3,6
977,2023-09-04,2023,9,3,0
978,2023-09-05,2023,9,3,1
979,2023-09-06,2023,9,3,2
980,2023-09-07,2023,9,3,3
981,2023-09-08,2023,9,3,4
982,2023-09-09,2023,9,3,5
983,2023-09-10,2023,9,3,6
984,2023-09-11,2023,9,3,0
985,2023-09-12,2023,9,3,1
986,2023-09-13,2023,9,3,2
987,2023-09-14,2023,9,3,3
988,2023-09-15,2023,9,3,4
989,2023-09-16,2023,9,3,5
990,2023-09-17,2023,9,3,6
991,2023-09-18,2023,9,3,0
992,2023-09-19,2023,9,3,1
993,2023-09-20,2023,9,3,2
994,2023-09-21,2023,9,3,3
995,2023-09-22,2023,9,3,4
996,2023-09-23,2023,9,3,5
997,2023-09-24,2023,9,3,6
998,2023-09-25,2023,9,3,0
999,2023-09-26,2023,9,3,1
1000,2023-09-27,2023,9,3,2
1001,2023-09-28,2023,9,3,3
1002,2023-09-29,2023,9,3,4
1003,2023-09-30,2023,9,3,5
1004,2023-10-01,2023,10,4,6
1005,2023-10-02,2023,10,4,0
1006,2023-10-03,2023,10,4,1
1007,2023-10-04,2023,10,4,2
1008,2023-10-05,2023,10,4,3
1009,2023-10-06,2023,10,4,4
1010,2023-10-07,2023,10,4,5
1011,2023-10-08,2023,10,4,6
1012,2023-10-09,2023,10,4,0
1013,2023-10-10,2023,10,4,1
1014,2023-10-11,2023,10,4,2
1015,2023-10-12,2023,10,4,3
1016,2023-10-13,2023,10,4,4
1017,2023-10-14,2023,10,4,5
1018,2023-10-15,2023,10,4,6
1019,2023-10-16,2023,10,4,0
1020,2023-10-17,2023,10,4,1
1021,2023-10-18,2023,10,4,2
1022,2023-10-19,2023,10,4,3
1023,2023-10-20,2023,10,4,4
1024,2023-10-21,2023,10,4,5
1025,2023-10-22,2023,10,4,6
1026,2023-10-23,2023,10,4,0
1027,2023-10-24,2023,10,4,1
1028,2023-10-25,2023,10,4,2
1029,2023-10-26,2023,10,4,3
1030,2023-10-27,2023,10,4,4
1031,2023-10-28,2023,10,4,5
1032,2023-10-29,2023,10,4,6
1033,2023-10-30,2023,10,4,0
1034,2023-10-31,2023,10,4,1
1035,2023-11-01,2023,11,4,2
1036,2023-11-02,2023,11,4,3
1037,2023-11-03,2023,11,4,4
1038,2023-11-04,2023,11,4,5
1039,2023-11-05,2023,11,4,6
1040,2023-11-06,2023,11,4,0
1041,2023-11-07,2023,11,4,1
1042,2023-11-08,2023,11,4,2
1043,2023-11-09,2023,11,4,3
1044,2023-11-10,2023,11,4,4
1045,2023-11-11,2023,11,4,5
1046,2023-11-12,2023,11,4,6
1047,2023-11-13,2023,11,4,0
1048,2023-11-14,2023,11,4,1
1049,2023-11-15,2023,11,4,2
1050,2023-11-16,2023,11,4,3
1051,2023-11-17,2023,11,4,4
1052,2023-11-18,2023,11,4,5
1053,2023-11-19,2023,11,4,6
1054,2023-11-20,2023,11,4,0
1055,2023-11-21,2023,11,4,1
1056,2023-11-22,2023,11,4,2
1057,2023-11-23,2023,11,4,3
1058,2023-11-24,2023,11,4,4
1059,2023-11-25,2023,11,4,5
1060,2023-11-26,2023,11,4,6
1061,2023-11-27,2023,11,4,0
1062,2023-11-28,2023,11,4,1
1063,2023-11-29,2023,11,4,2
1064,2023-11-30,2023,11,4,3
1065,2023-12-01,2023,12,4,4
1066,2023-12-02,2023,12,4,5
1067,2023-12-03,2023,12,4,6
1068,2023-12-04,2023,12,4,0
1069,2023-12-05,2023,12,4,1
1070,2023-12-06,2023,12,4,2
1071,2023-12-07,2023,12,4,3
1072,2023-12-08,2023,12,4,4
1073,2023-12-09,2023,12,4,5
1074,2023-12-10,2023,12,4,6
1075,2023-12-11,2023,12,4,0
1076,2023-12-12,2023,12,4,1
1077,2023-12-13,2023,12,4,2
1078,2023-12-14,2023,12,4,3
1079,2023-12-15,2023,12,4,4
1080,2023-12-16,2023,12,4,5
1081,2023-12-17,2023,12,4,6
1082,2023-12-18,2023,12,4,0
1083,2023-12-19,2023,12,4,1
1084,2023-12-20,2023,12,4,2
1085,2023-12-21,2023,12,4,3
1086,2023-12-22,2023,12,4,4
1087,2023-12-23,2023,12,4,5
1088,2023-12-24,2023,12,4,6
1089,2023-12-25,2023,12,4,0
1090,2023-12-26,2023,12,4,1
1091,2023-12-27,2023,12,4,2
1092,2023-12-28,2023,12,4,3
1093,2023-12-29,2023,12,4,4
1094,2023-12-30,2023,12,4,5
1095,2023-12-31,2023,12,4,6
